emp_ID,department,seniority_weeks,seniority_years,salary,salary_k
x1,DataScience,118.9,2.29,229427.74,229.43
x2,DataScience,129.98,2.5,224340.83,224.34
x3,DataScience,110.84,2.13,203870.71,203.87
x4,DataScience,135.99,2.62,162068.26,162.07
x5,DataScience,107.15,2.06,242160.74,242.16
x6,DataScience,67.16,1.29,164901.52,164.9
x7,DataScience,127.06,2.44,223419.73,223.42
x8,DataScience,76.46,1.47,230177.94,230.18
x9,DataScience,118.59,2.28,187666.84,187.67
x10,DataScience,80.86,1.56,194667.47,194.67
x11,DataScience,107.73,2.07,206644.39,206.64
x12,DataScience,165.65,3.19,242259.11,242.26
x13,DataScience,131.49,2.53,206442.92,206.44
x14,DataScience,153.58,2.95,191585.73,191.59
x15,DataScience,92.17,1.77,191525.49,191.53
x16,DataScience,185.58,3.57,173934.78,173.93
x17,DataScience,84.74,1.63,192385.98,192.39
x18,DataScience,106.78,2.05,197179.38,197.18
x19,DataScience,148.65,2.86,225567.51,225.57
x20,DataScience,153.25,2.95,181199.86,181.2
x21,DataScience,158.08,3.04,199632.01,199.63
x22,DataScience,136.44,2.62,253983.72,253.98
x23,DataScience,110.81,2.13,178020.71,178.02
x24,DataScience,76.21,1.47,168657.04,168.66
x25,DataScience,80.86,1.55,161858.09,161.86
x26,DataScience,155.26,2.99,252055.26,252.06
x27,DataScience,124.66,2.4,172037.13,172.04
x28,DataScience,141.68,2.72,208334.78,208.33
x29,DataScience,166.98,3.21,182630.68,182.63
x30,DataScience,110.95,2.13,201196.37,201.2
x31,DataScience,143,2.75,216271.13,216.27
x32,DataScience,172.82,3.32,253451.3,253.45
x33,DataScience,158.02,3.04,261107.29,261.11
x34,DataScience,153.98,2.96,244990.07,244.99
x35,DataScience,96.54,1.86,235760.4,235.76
x36,DataScience,119.94,2.31,223817.98,223.82
x37,DataScience,117.09,2.25,187235.94,187.24
x38,DataScience,82.39,1.58,157208.66,157.21
x39,DataScience,132.56,2.55,272953.2,272.95
x40,DataScience,112.26,2.16,208989.82,208.99
x41,DataScience,136.97,2.63,237619.19,237.62
x42,DataScience,50.61,0.97,154247.51,154.25
x43,DataScience,108.18,2.08,160531.45,160.53
x44,DataScience,122.02,2.35,243313.37,243.31
x45,DataScience,175.53,3.38,185799.23,185.8
x46,DataScience,141.68,2.72,248981.76,248.98
x47,DataScience,45.71,0.88,205928.67,205.93
x48,DataScience,142.19,2.73,205252.91,205.25
x49,DataScience,135.93,2.61,212284.8,212.28
x50,DataScience,81.85,1.57,174936.46,174.94
x51,DataScience,116.43,2.24,177426.81,177.43
x52,DataScience,158.12,3.04,256099.69,256.1
x53,DataScience,123.97,2.38,198624.05,198.62
x54,DataScience,112.46,2.16,224554.32,224.55
x55,DataScience,63.98,1.23,223563.44,223.56
x56,DataScience,147.93,2.84,185511.48,185.51
x57,DataScience,144.15,2.77,209289.16,209.29
x58,DataScience,125.76,2.42,234092.51,234.09
x59,DataScience,163.04,3.14,260723.88,260.72
x60,DataScience,61.11,1.18,145356.98,145.36
x61,DataScience,130.14,2.5,197100.95,197.1
x62,DataScience,82.87,1.59,172184.41,172.18
x63,DataScience,128.72,2.48,218045.15,218.05
x64,DataScience,147.08,2.83,249828.06,249.83
x65,DataScience,100.35,1.93,191255.58,191.26
x66,DataScience,76.27,1.47,155092.72,155.09
x67,DataScience,165.88,3.19,197081.83,197.08
x68,DataScience,147.4,2.83,249686.62,249.69
x69,DataScience,132.46,2.55,212539.1,212.54
x70,DataScience,83.61,1.61,173709.09,173.71
x71,DataScience,139.1,2.68,183541.16,183.54
x72,DataScience,111.98,2.15,170067.26,170.07
x73,DataScience,79.92,1.54,189318.53,189.32
x74,DataScience,177.87,3.42,254862.18,254.86
x75,DataScience,161.64,3.11,226211.4,226.21
x76,DataScience,164.18,3.16,201414.77,201.41
x77,DataScience,158.1,3.04,201869.13,201.87
x78,DataScience,117.61,2.26,163133.85,163.13
x79,DataScience,134.37,2.58,208662.98,208.66
x80,DataScience,123.32,2.37,246082.02,246.08
x81,DataScience,134.43,2.59,216794.36,216.79
x82,DataScience,160.89,3.09,209568.21,209.57
x83,DataScience,112.99,2.17,192284.75,192.28
x84,DataScience,174.09,3.35,265735.04,265.74
x85,DataScience,160.01,3.08,206973.67,206.97
x86,DataScience,185.24,3.56,225078.48,225.08
x87,DataScience,116.98,2.25,235533.22,235.53
x88,DataScience,103.42,1.99,201678.49,201.68
x89,DataScience,127.77,2.46,218180,218.18
x90,DataScience,149.94,2.88,209964.81,209.96
x91,DataScience,93.01,1.79,180362.75,180.36
x92,DataScience,77.52,1.49,201114.53,201.11
x93,DataScience,173.27,3.33,238007.19,238.01
x94,DataScience,86.88,1.67,214162.18,214.16
x95,DataScience,109.83,2.11,162735.01,162.74
x96,DataScience,114.75,2.21,238495.84,238.5
x97,DataScience,96.97,1.86,198594.35,198.59
x98,DataScience,186.79,3.59,237589.64,237.59
x99,DataScience,106.34,2.04,184647.16,184.65
x100,DataScience,100.17,1.93,186230.39,186.23
x101,DataScience,147.16,2.83,183673.17,183.67
x102,DataScience,85.16,1.64,178909.17,178.91
x103,DataScience,121.51,2.34,218925.43,218.93
x104,DataScience,48.22,0.93,207698.99,207.7
x105,DataScience,107.58,2.07,219247.57,219.25
x106,DataScience,92.86,1.79,201214.38,201.21
x107,DataScience,78.11,1.5,226813.96,226.81
x108,DataScience,150.64,2.9,244634.51,244.63
x109,DataScience,97.94,1.88,200389.66,200.39
x110,DataScience,125.95,2.42,209587.75,209.59
x111,DataScience,72.32,1.39,188175.57,188.18
x112,DataScience,66.42,1.28,189533.7,189.53
x113,DataScience,141.62,2.72,239394.95,239.39
x114,DataScience,168.05,3.23,215766.5,215.77
x115,DataScience,157.04,3.02,159050.24,159.05
x116,DataScience,100,1.92,195566.91,195.57
x117,DataScience,137.01,2.63,180468.27,180.47
x118,DataScience,122.55,2.36,227865.99,227.87
x119,DataScience,154.48,2.97,270977.18,270.98
x120,DataScience,128.46,2.47,188202.97,188.2
x121,DataScience,165.07,3.17,229662.38,229.66
x122,DataScience,134.12,2.58,249804.28,249.8
x123,DataScience,106.43,2.05,229152.61,229.15
x124,DataScience,130.47,2.51,263583.47,263.58
x125,DataScience,112.59,2.17,187032.22,187.03
x126,DataScience,108.58,2.09,155358.96,155.36
x127,DataScience,69.11,1.33,161623.44,161.62
x128,DataScience,170.82,3.28,205164.38,205.16
x129,DataScience,73.47,1.41,143801.38,143.8
x130,DataScience,88.29,1.7,173856.82,173.86
x131,DataScience,175.37,3.37,224068.7,224.07
x132,DataScience,143.54,2.76,219209.29,219.21
x133,DataScience,147.87,2.84,197515.86,197.52
x134,DataScience,109.2,2.1,153497.01,153.5
x135,DataScience,200.46,3.85,248013.9,248.01
x136,DataScience,131.54,2.53,137769.36,137.77
x137,DataScience,98.04,1.89,173047.97,173.05
x138,DataScience,113.11,2.18,239245.34,239.25
x139,DataScience,123.65,2.38,202603.14,202.6
x140,DataScience,149.48,2.87,150083.13,150.08
x141,DataScience,82.75,1.59,182094.01,182.09
x142,DataScience,73.96,1.42,183455.19,183.46
x143,DataScience,114.45,2.2,176785,176.79
x144,DataScience,94.37,1.81,153032.97,153.03
x145,DataScience,129.47,2.49,191292.89,191.29
x146,DataScience,133.15,2.56,212977.42,212.98
x147,DataScience,84.3,1.62,160851.8,160.85
x148,DataScience,140.98,2.71,220123.78,220.12
x149,DataScience,143.93,2.77,219410.71,219.41
x150,DataScience,125.7,2.42,201013.75,201.01
x151,DataScience,72.78,1.4,168886.8,168.89
x152,DataScience,158.22,3.04,188303.99,188.3
x153,DataScience,120.98,2.33,208466.9,208.47
x154,DataScience,87.14,1.68,193846.06,193.85
x155,DataScience,114.92,2.21,199828.72,199.83
x156,DataScience,111.1,2.14,196764.45,196.76
x157,DataScience,157.05,3.02,245156.04,245.16
x158,DataScience,132.31,2.54,171035.16,171.04
x159,DataScience,106.47,2.05,216807.87,216.81
x160,DataScience,108.56,2.09,179968.04,179.97
x161,DataScience,143.99,2.77,152425.23,152.43
x162,DataScience,131.37,2.53,203291.14,203.29
x163,DataScience,110.17,2.12,198126.05,198.13
x164,DataScience,121.43,2.34,175271.07,175.27
x165,DataScience,111.04,2.14,160983.86,160.98
x166,DataScience,115.19,2.22,191233.8,191.23
x167,DataScience,140.84,2.71,209780.27,209.78
x168,DataScience,115.22,2.22,144804.55,144.8
x169,DataScience,206.46,3.97,198889.25,198.89
x170,DataScience,110.82,2.13,208030.11,208.03
x171,DataScience,141.48,2.72,188188.07,188.19
x172,DataScience,93.47,1.8,291698.9,291.7
x173,DataScience,123.76,2.38,197980.51,197.98
x174,DataScience,136.03,2.62,223856.66,223.86
x175,DataScience,63.27,1.22,174369.06,174.37
x176,DataScience,169.77,3.26,173492.32,173.49
x177,DataScience,184.22,3.54,255920.39,255.92
x178,DataScience,165.18,3.18,174237.99,174.24
x179,DataScience,147.12,2.83,183289.26,183.29
x180,DataScience,61.06,1.17,171104.18,171.1
x181,DataScience,98.77,1.9,177122.76,177.12
x182,DataScience,111.65,2.15,205977.72,205.98
x183,DataScience,96.57,1.86,203815.95,203.82
x184,DataScience,131.95,2.54,242729.81,242.73
x185,DataScience,161.99,3.12,197456.85,197.46
x186,DataScience,124.65,2.4,199047.66,199.05
x187,DataScience,164.25,3.16,226068.74,226.07
x188,DataScience,121.72,2.34,216379.18,216.38
x189,DataScience,105.85,2.04,205880.94,205.88
x190,DataScience,94.97,1.83,200739.48,200.74
x191,DataScience,140.51,2.7,205778.71,205.78
x192,DataScience,107.04,2.06,188519.78,188.52
x193,DataScience,135.05,2.6,223010.84,223.01
x194,DataScience,113.32,2.18,221236.37,221.24
x195,DataScience,159.2,3.06,224176.14,224.18
x196,DataScience,145.83,2.8,212788.46,212.79
x197,DataScience,171.94,3.31,189218.07,189.22
x198,DataScience,112.53,2.16,186014.05,186.01
x199,DataScience,94.38,1.81,204011.47,204.01
x200,DataScience,130.74,2.51,189900.03,189.9
x201,DataScience,91.63,1.76,158893.85,158.89
x202,DataScience,67.26,1.29,222302.3,222.3
x203,DataScience,114.44,2.2,217344.92,217.34
x204,DataScience,151.14,2.91,220055.24,220.06
x205,DataScience,119.07,2.29,241147.27,241.15
x206,DataScience,112.72,2.17,212373.69,212.37
x207,DataScience,78.83,1.52,156919.54,156.92
x208,DataScience,97.85,1.88,253365.17,253.37
x209,DataScience,125.68,2.42,199017.18,199.02
x210,DataScience,116.39,2.24,199896.84,199.9
x211,DataScience,110.09,2.12,257897.93,257.9
x212,DataScience,70.44,1.35,207995.48,208
x213,DataScience,76.04,1.46,230337.77,230.34
x214,DataScience,182.26,3.51,237689.89,237.69
x215,DataScience,145.8,2.8,144614.77,144.61
x216,DataScience,157.02,3.02,178249.64,178.25
x217,DataScience,125.86,2.42,226078.16,226.08
x218,DataScience,86.71,1.67,149982.11,149.98
x219,DataScience,68.96,1.33,147780.87,147.78
x220,DataScience,114.97,2.21,208365.17,208.37
x221,DataScience,120.44,2.32,241537.26,241.54
x222,DataScience,39.79,0.77,169434.8,169.43
x223,DataScience,78.77,1.51,233967.1,233.97
x224,DataScience,132.8,2.55,174198.54,174.2
x225,DataScience,141.74,2.73,264908.99,264.91
x226,DataScience,124.24,2.39,228279.55,228.28
x227,DataScience,127.83,2.46,182045.77,182.05
x228,DataScience,118.29,2.27,202297.44,202.3
x229,DataScience,155.95,3,238262.76,238.26
x230,DataScience,133.06,2.56,190676.92,190.68
x231,DataScience,112.69,2.17,211105.92,211.11
x232,DataScience,115.4,2.22,166901.34,166.9
x233,DataScience,136.13,2.62,191930.93,191.93
x234,DataScience,127.08,2.44,205757.77,205.76
x235,DataScience,146.64,2.82,216446.5,216.45
x236,DataScience,126.89,2.44,170473.11,170.47
x237,DataScience,113.52,2.18,243161.05,243.16
x238,DataScience,89.63,1.72,199328.25,199.33
x239,DataScience,141.04,2.71,209326.28,209.33
x240,DataScience,116.51,2.24,215498.1,215.5
x241,DataScience,124.49,2.39,161640.81,161.64
x242,DataScience,95.12,1.83,197435.9,197.44
x243,DataScience,103.45,1.99,203903.63,203.9
x244,DataScience,72.33,1.39,196208.85,196.21
x245,DataScience,108.99,2.1,205867.28,205.87
x246,DataScience,166.11,3.19,191191.37,191.19
x247,DataScience,185.47,3.57,267435.3,267.44
x248,DataScience,105.9,2.04,210039.79,210.04
x249,DataScience,157.11,3.02,189183.45,189.18
x250,DataScience,133.86,2.57,222559.42,222.56
x251,DataScience,105.9,2.04,174985.89,174.99
x252,DataScience,131.23,2.52,237194.29,237.19
x253,DataScience,127.46,2.45,214604.61,214.6
x254,DataScience,113.27,2.18,137348.42,137.35
x255,DataScience,113.17,2.18,194000.9,194
x256,DataScience,121.29,2.33,229750.04,229.75
x257,DataScience,155.32,2.99,144604.09,144.6
x258,DataScience,118.24,2.27,179532.61,179.53
x259,DataScience,124.13,2.39,157531.19,157.53
x260,DataScience,77.76,1.5,186192.56,186.19
x261,DataScience,124.54,2.39,229850.42,229.85
x262,DataScience,132.34,2.55,248973.87,248.97
x263,DataScience,86.69,1.67,226386.78,226.39
x264,DataScience,111.56,2.15,183526.5,183.53
x265,DataScience,159.38,3.06,232353.46,232.35
x266,DataScience,97.54,1.88,214591.38,214.59
x267,DataScience,128.85,2.48,193168.75,193.17
x268,DataScience,160.73,3.09,182635.89,182.64
x269,DataScience,87.7,1.69,175211.4,175.21
x270,DataScience,112.2,2.16,175700.35,175.7
x271,DataScience,116.41,2.24,172894.19,172.89
x272,DataScience,105.38,2.03,180662.09,180.66
x273,DataScience,157.41,3.03,190494.27,190.49
x274,DataScience,67.53,1.3,150252.57,150.25
x275,DataScience,133.14,2.56,199477.65,199.48
x276,DataScience,130.93,2.52,244558.33,244.56
x277,DataScience,119.97,2.31,200742.7,200.74
x278,DataScience,120.59,2.32,184326.12,184.33
x279,DataScience,92.81,1.78,180934.6,180.93
x280,DataScience,156.23,3,186666.57,186.67
x281,DataScience,66.98,1.29,179789.11,179.79
x282,DataScience,122.8,2.36,205148.65,205.15
x283,DataScience,84.69,1.63,193186.48,193.19
x284,DataScience,159.61,3.07,237463.27,237.46
x285,DataScience,134.05,2.58,217224.53,217.22
x286,DataScience,121.52,2.34,215766.19,215.77
x287,DataScience,138.25,2.66,186706.17,186.71
x288,DataScience,77.95,1.5,209387.68,209.39
x289,DataScience,139.86,2.69,227159.05,227.16
x290,DataScience,139.28,2.68,217286.02,217.29
x291,DataScience,121,2.33,178284.77,178.28
x292,DataScience,89.99,1.73,195471.81,195.47
x293,DataScience,116.54,2.24,194250.46,194.25
x294,DataScience,127.32,2.45,212021.83,212.02
x295,DataScience,95.73,1.84,176965.22,176.97
x296,DataScience,119.45,2.3,209442.84,209.44
x297,DataScience,51.68,0.99,164306.5,164.31
x298,DataScience,123.44,2.37,166425.95,166.43
x299,DataScience,105.28,2.02,177695.07,177.7
x300,DataScience,99.67,1.92,242785.58,242.79
x301,DataScience,106.7,2.05,238561.45,238.56
x302,DataScience,126.71,2.44,193766.74,193.77
x303,DataScience,120.23,2.31,178462.57,178.46
x304,DataScience,140.21,2.7,237813.25,237.81
x305,DataScience,112.8,2.17,201518.47,201.52
x306,DataScience,123.19,2.37,198654.09,198.65
x307,DataScience,171.09,3.29,206705.39,206.71
x308,DataScience,99.31,1.91,237326.09,237.33
x309,DataScience,94.73,1.82,209353.05,209.35
x310,DataScience,141.17,2.71,259653.14,259.65
x311,DataScience,104.17,2,171416.64,171.42
x312,DataScience,135.9,2.61,179852.54,179.85
x313,DataScience,128.23,2.47,255636.8,255.64
x314,DataScience,164.62,3.17,239101.18,239.1
x315,DataScience,155.86,3,268751.89,268.75
x316,DataScience,96.58,1.86,208146,208.15
x317,DataScience,103.51,1.99,188665.85,188.67
x318,DataScience,100.51,1.93,151455.24,151.46
x319,DataScience,196.8,3.78,232900.78,232.9
x320,DataScience,60.23,1.16,222482.21,222.48
x321,DataScience,128.3,2.47,210098.88,210.1
x322,DataScience,129.47,2.49,219798.12,219.8
x323,DataScience,176.81,3.4,192515.42,192.52
x324,DataScience,151.81,2.92,191162.98,191.16
x325,DataScience,44.4,0.85,169862.25,169.86
x326,DataScience,166.7,3.21,198442.71,198.44
x327,DataScience,98.04,1.89,244954.16,244.95
x328,DataScience,153.73,2.96,185149.38,185.15
x329,DataScience,92.75,1.78,192062.26,192.06
x330,DataScience,165.83,3.19,201888.75,201.89
x331,DataScience,121.13,2.33,267757.36,267.76
x332,DataScience,157.38,3.03,186063.48,186.06
x333,DataScience,131.17,2.52,205724.9,205.72
x334,Product,209.09,4.02,170065.97,170.07
x335,Product,189.6,3.65,122427.26,122.43
x336,Product,173.19,3.33,154147.01,154.15
x337,Product,179.46,3.45,181625.86,181.63
x338,Product,182.23,3.5,181193.3,181.19
x339,Product,215.76,4.15,189811.59,189.81
x340,Product,132.35,2.55,181863.47,181.86
x341,Product,162.07,3.12,151780.27,151.78
x342,Product,179.04,3.44,185856.09,185.86
x343,Product,237.82,4.57,175250.99,175.25
x344,Product,138.18,2.66,145798.4,145.8
x345,Product,164.5,3.16,158457.11,158.46
x346,Product,168.34,3.24,169999.46,170
x347,Product,173.53,3.34,169576.51,169.58
x348,Product,183.87,3.54,197370.47,197.37
x349,Product,159.3,3.06,122516.52,122.52
x350,Product,124.35,2.39,117169.04,117.17
x351,Product,213.43,4.1,171710.07,171.71
x352,Product,196.92,3.79,202053.56,202.05
x353,Product,154.24,2.97,120622.67,120.62
x354,Product,271.62,5.22,178586.31,178.59
x355,Product,170.18,3.27,155155.8,155.16
x356,Product,167.28,3.22,197319.03,197.32
x357,Product,175.23,3.37,181526.45,181.53
x358,Product,129.33,2.49,143389.03,143.39
x359,Product,238.35,4.58,178396.32,178.4
x360,Product,189.25,3.64,159879.29,159.88
x361,Product,222.67,4.28,173677.52,173.68
x362,Product,138.89,2.67,138260.53,138.26
x363,Product,248.75,4.78,177430.83,177.43
x364,Product,177.8,3.42,201733.8,201.73
x365,Product,163.31,3.14,174280.11,174.28
x366,Product,142.09,2.73,155572.42,155.57
x367,Product,182.4,3.51,118967.06,118.97
x368,Product,102.92,1.98,146575.74,146.58
x369,Product,113.93,2.19,145458.51,145.46
x370,Product,184.07,3.54,156531.55,156.53
x371,Product,183.17,3.52,125400.61,125.4
x372,Product,221.89,4.27,170665.09,170.67
x373,Product,184.1,3.54,155003.5,155
x374,Product,146.3,2.81,159553.75,159.55
x375,Product,199.88,3.84,148191.29,148.19
x376,Product,151.3,2.91,180583.57,180.58
x377,Product,189.84,3.65,155634.31,155.63
x378,Product,168.02,3.23,181719.01,181.72
x379,Product,194.07,3.73,169822.81,169.82
x380,Product,179.25,3.45,195099.11,195.1
x381,Product,185.37,3.56,155979.19,155.98
x382,Product,173.79,3.34,142527.04,142.53
x383,Product,146.23,2.81,154863.71,154.86
x384,Product,192.38,3.7,214098.75,214.1
x385,Product,124.4,2.39,149055.41,149.06
x386,Product,134.04,2.58,162240.15,162.24
x387,Product,185.83,3.57,151397.27,151.4
x388,Product,188.33,3.62,164241.86,164.24
x389,Product,160.62,3.09,130856.2,130.86
x390,Product,190.77,3.67,156495.66,156.5
x391,Product,198.3,3.81,186429.54,186.43
x392,Product,193.86,3.73,176614.64,176.61
x393,Product,222.88,4.29,190030.51,190.03
x394,Product,213.81,4.11,240486.14,240.49
x395,Product,111.79,2.15,143278.38,143.28
x396,Product,166.74,3.21,166021.67,166.02
x397,Product,205.05,3.94,149348.39,149.35
x398,Product,193.21,3.72,137480.86,137.48
x399,Product,184.64,3.55,161639.11,161.64
x400,Product,165.96,3.19,179255.22,179.26
x401,Product,156.02,3,151753.05,151.75
x402,Product,166.35,3.2,159015.09,159.02
x403,Product,153.85,2.96,183837.2,183.84
x404,Product,220.06,4.23,212976.78,212.98
x405,Product,208.45,4.01,113040.79,113.04
x406,Product,177.64,3.42,195073.79,195.07
x407,Product,149.48,2.87,172858.25,172.86
x408,Product,213.54,4.11,163118.84,163.12
x409,Product,207.99,4,162792.21,162.79
x410,Product,193.49,3.72,168425.96,168.43
x411,Product,203.36,3.91,145757.23,145.76
x412,Product,186.45,3.59,191386.54,191.39
x413,Product,147.19,2.83,127112.32,127.11
x414,Product,90.55,1.74,116900.71,116.9
x415,Product,117.87,2.27,146299.1,146.3
x416,Product,196.4,3.78,156645.2,156.65
x417,Product,186.27,3.58,187242.05,187.24
x418,Product,184.61,3.55,121547.05,121.55
x419,Product,167.88,3.23,175246.66,175.25
x420,Product,157.12,3.02,156526.94,156.53
x421,Product,200.85,3.86,171856.39,171.86
x422,Product,125.34,2.41,190301.89,190.3
x423,Product,216.08,4.16,141290.36,141.29
x424,Product,208.91,4.02,192087.9,192.09
x425,Product,177.29,3.41,170877,170.88
x426,Product,118.26,2.27,149092.05,149.09
x427,Product,202.85,3.9,180136.81,180.14
x428,Product,226.15,4.35,145222.6,145.22
x429,Product,224.07,4.31,167837.6,167.84
x430,Product,195.53,3.76,137821.16,137.82
x431,Product,158.11,3.04,148356.82,148.36
x432,Product,174.59,3.36,180127.43,180.13
x433,Product,151,2.9,155177.08,155.18
x434,Product,154.28,2.97,142373.57,142.37
x435,Product,175.38,3.37,128012.27,128.01
x436,Product,115.21,2.22,112010.38,112.01
x437,Product,169.81,3.27,102510.37,102.51
x438,Product,120.02,2.31,144164.89,144.16
x439,Product,204.16,3.93,132477.69,132.48
x440,Product,207.42,3.99,140764.08,140.76
x441,Product,204.83,3.94,162669.7,162.67
x442,Product,183.51,3.53,121723.79,121.72
x443,Product,137.67,2.65,180847.37,180.85
x444,Product,137.92,2.65,174400.1,174.4
x445,Product,147.58,2.84,156036.76,156.04
x446,Product,180.81,3.48,195241.45,195.24
x447,Product,159.88,3.07,150834.06,150.83
x448,Product,169.94,3.27,163533.72,163.53
x449,Product,194,3.73,200863.46,200.86
x450,Product,180.14,3.46,135322.89,135.32
x451,Product,162.29,3.12,160835.11,160.84
x452,Product,186.7,3.59,143827.93,143.83
x453,Product,158.23,3.04,133009.69,133.01
x454,Product,186.11,3.58,173585.84,173.59
x455,Product,136.83,2.63,175670.48,175.67
x456,Product,150.4,2.89,157442.06,157.44
x457,Product,151.84,2.92,138646.16,138.65
x458,Product,172.4,3.32,132350.35,132.35
x459,Product,167.98,3.23,113510.11,113.51
x460,Product,169.53,3.26,121654.84,121.65
x461,Product,205.84,3.96,155018.94,155.02
x462,Product,175.03,3.37,140331.6,140.33
x463,Product,180.46,3.47,143509.03,143.51
x464,Product,232.09,4.46,149373.13,149.37
x465,Product,178.3,3.43,148381.26,148.38
x466,Product,166.21,3.2,151546.73,151.55
x467,Product,95,1.83,172916.06,172.92
x468,Product,208.81,4.02,162173.11,162.17
x469,Product,186.01,3.58,165602.17,165.6
x470,Product,171.09,3.29,145559.02,145.56
x471,Product,145.62,2.8,177602.5,177.6
x472,Product,176.72,3.4,133877.07,133.88
x473,Product,132.2,2.54,174736.93,174.74
x474,Product,132.35,2.55,169691.76,169.69
x475,Product,201.29,3.87,228265.04,228.27
x476,Product,149.65,2.88,140359.77,140.36
x477,Product,144.92,2.79,183882.04,183.88
x478,Product,218.91,4.21,139121.05,139.12
x479,Product,180.06,3.46,143356.44,143.36
x480,Product,206.17,3.96,135413.47,135.41
x481,Product,153.43,2.95,145282.84,145.28
x482,Product,199.15,3.83,169092.31,169.09
x483,Product,176.49,3.39,121533.84,121.53
x484,Product,189.78,3.65,137422.32,137.42
x485,Product,163.74,3.15,154054.53,154.05
x486,Product,148.96,2.86,158012.09,158.01
x487,Product,164.15,3.16,179182.05,179.18
x488,Product,150.33,2.89,151331.46,151.33
x489,Product,200.46,3.85,166988,166.99
x490,Product,209.34,4.03,162860.37,162.86
x491,Product,123.84,2.38,105294.42,105.29
x492,Product,181.43,3.49,159604.22,159.6
x493,Product,163.85,3.15,146208.18,146.21
x494,Product,194,3.73,180780.94,180.78
x495,Product,204.14,3.93,145608.38,145.61
x496,Product,198.06,3.81,174881.37,174.88
x497,Product,182.53,3.51,173492.16,173.49
x498,Product,161.86,3.11,133612.49,133.61
x499,Product,194.9,3.75,175325.52,175.33
x500,Product,190.79,3.67,145748.7,145.75
x501,Product,167.78,3.23,126214.99,126.21
x502,Product,167.87,3.23,141222.31,141.22
x503,Product,252.8,4.86,160424.81,160.42
x504,Product,175.38,3.37,126871.97,126.87
x505,Product,241.83,4.65,177065.96,177.07
x506,Product,160.76,3.09,163049.71,163.05
x507,Product,137.87,2.65,118630.21,118.63
x508,Product,131.22,2.52,188826.21,188.83
x509,Product,200.4,3.85,195870.86,195.87
x510,Product,186.92,3.59,167472.93,167.47
x511,Product,160.71,3.09,139782.65,139.78
x512,Product,247.93,4.77,196668.64,196.67
x513,Product,193.06,3.71,119852.62,119.85
x514,Product,254.21,4.89,170033.94,170.03
x515,Product,162.52,3.13,189461.27,189.46
x516,Product,196.8,3.78,167620.26,167.62
x517,Product,179.08,3.44,143490.26,143.49
x518,Product,170.18,3.27,160229.36,160.23
x519,Product,158.98,3.06,139221.71,139.22
x520,Product,196.19,3.77,165950.97,165.95
x521,Product,168.37,3.24,199659.39,199.66
x522,Product,126,2.42,104070.94,104.07
x523,Product,170.61,3.28,124024.31,124.02
x524,Product,187.46,3.61,200701.64,200.7
x525,Product,150.24,2.89,172861.84,172.86
x526,Product,181.97,3.5,156087.43,156.09
x527,Product,171.19,3.29,142537.63,142.54
x528,Product,208.62,4.01,176825.51,176.83
x529,Product,239.28,4.6,189091.98,189.09
x530,Product,214.24,4.12,176473.73,176.47
x531,Product,181.72,3.49,191104.61,191.1
x532,Product,222.51,4.28,159911.45,159.91
x533,Product,136.91,2.63,125028.49,125.03
x534,Product,185.72,3.57,176089.22,176.09
x535,Product,179.25,3.45,166441.25,166.44
x536,Product,209.5,4.03,152542.01,152.54
x537,Product,200.02,3.85,170359.37,170.36
x538,Product,176.91,3.4,152040.55,152.04
x539,Product,180.75,3.48,131137.25,131.14
x540,Product,159.32,3.06,127214.23,127.21
x541,Product,204.13,3.93,164622.52,164.62
x542,Product,151.42,2.91,153734.94,153.73
x543,Product,233.66,4.49,155238.9,155.24
x544,Product,161.66,3.11,172391.97,172.39
x545,Product,178.94,3.44,149444.6,149.44
x546,Product,189.08,3.64,154542.99,154.54
x547,Product,173.41,3.33,138124.83,138.12
x548,Product,140.48,2.7,171517.25,171.52
x549,Product,159.86,3.07,188060.66,188.06
x550,Product,146.64,2.82,157830.44,157.83
x551,Product,155.01,2.98,170791.29,170.79
x552,Product,184.08,3.54,189062.8,189.06
x553,Product,156.98,3.02,150469.51,150.47
x554,Product,160.74,3.09,145645.71,145.65
x555,Product,178.89,3.44,200598.22,200.6
x556,Product,173.13,3.33,131232.45,131.23
x557,Product,243.88,4.69,168970.25,168.97
x558,Product,174.83,3.36,160065.36,160.07
x559,Product,183.24,3.52,138491.06,138.49
x560,Product,199.17,3.83,117956.05,117.96
x561,Product,244.69,4.71,176395.68,176.4
x562,Product,188.4,3.62,169489.73,169.49
x563,Product,202.29,3.89,185558.08,185.56
x564,Product,219.4,4.22,163814.08,163.81
x565,Product,168.26,3.24,179928.29,179.93
x566,Product,189.42,3.64,116762.94,116.76
x567,Product,195.74,3.76,167374.32,167.37
x568,Product,183.35,3.53,205428.22,205.43
x569,Product,250.82,4.82,201378.39,201.38
x570,Product,187.72,3.61,141460.76,141.46
x571,Product,156.44,3.01,152873.89,152.87
x572,Product,173.93,3.34,179225.41,179.23
x573,Product,190.7,3.67,172867.54,172.87
x574,Product,139.04,2.67,173521.2,173.52
x575,Product,234.85,4.52,183520.16,183.52
x576,Product,186.93,3.59,167956.82,167.96
x577,Product,187.23,3.6,167665.67,167.67
x578,Product,183.56,3.53,152107.14,152.11
x579,Product,141.76,2.73,150686.03,150.69
x580,Product,208.36,4.01,145639.65,145.64
x581,Product,154.07,2.96,167131.81,167.13
x582,Product,158.45,3.05,153831.07,153.83
x583,Product,162.82,3.13,189849.79,189.85
x584,Product,184.4,3.55,165693.24,165.69
x585,Product,169.1,3.25,131055.51,131.06
x586,Product,188.46,3.62,146597.84,146.6
x587,Product,245.12,4.71,161555.03,161.56
x588,Product,232.33,4.47,185587.8,185.59
x589,Product,187.58,3.61,163369.16,163.37
x590,Product,196.46,3.78,134636.36,134.64
x591,Product,148.3,2.85,151563.48,151.56
x592,Product,198.09,3.81,191167.4,191.17
x593,Product,164.47,3.16,162750.54,162.75
x594,Product,186.27,3.58,134843.77,134.84
x595,Product,209.35,4.03,171099.48,171.1
x596,Product,144.61,2.78,125205.61,125.21
x597,Product,181.9,3.5,178633.16,178.63
x598,Product,216.39,4.16,206488.31,206.49
x599,Product,208.61,4.01,205102.8,205.1
x600,Product,181.04,3.48,172316.71,172.32
x601,Product,157.3,3.02,125055.58,125.06
x602,Product,170.02,3.27,136300.39,136.3
x603,Product,190.15,3.66,160056.64,160.06
x604,Product,232.17,4.46,181138.28,181.14
x605,Product,183.24,3.52,220932.67,220.93
x606,Product,180.3,3.47,179734.46,179.73
x607,Product,191.55,3.68,173064.82,173.06
x608,Product,213.52,4.11,148793.3,148.79
x609,Product,167.61,3.22,169575.09,169.58
x610,Product,193.04,3.71,213165.96,213.17
x611,Product,213.64,4.11,206515.13,206.52
x612,Product,215.1,4.14,161390.48,161.39
x613,Product,179.43,3.45,206106.15,206.11
x614,Product,180.06,3.46,133191.84,133.19
x615,Product,213.55,4.11,173623.29,173.62
x616,Product,226.74,4.36,179012.87,179.01
x617,Product,184.72,3.55,136218.73,136.22
x618,Product,260.49,5.01,146400.95,146.4
x619,Product,152.03,2.92,145828.77,145.83
x620,Product,193.6,3.72,157093.53,157.09
x621,Product,172.36,3.31,188473.36,188.47
x622,Product,163.54,3.15,161690.32,161.69
x623,Product,194.69,3.74,146475.57,146.48
x624,Product,167.87,3.23,199368.93,199.37
x625,Product,176.81,3.4,183038.21,183.04
x626,Product,213.5,4.11,136516.72,136.52
x627,Product,199.48,3.84,153870.46,153.87
x628,Product,174.86,3.36,147871.57,147.87
x629,Product,196.52,3.78,181758.2,181.76
x630,Product,181.05,3.48,124011.09,124.01
x631,Product,117.37,2.26,148032.27,148.03
x632,Product,112.89,2.17,175976.53,175.98
x633,Product,193.75,3.73,144111.67,144.11
x634,Product,203.89,3.92,220746.49,220.75
x635,Product,183.37,3.53,204395.73,204.4
x636,Product,207.42,3.99,182452.5,182.45
x637,Product,191.56,3.68,187694.56,187.69
x638,Product,147.3,2.83,159227.98,159.23
x639,Product,186.8,3.59,170765.96,170.77
x640,Product,177.11,3.41,126526.88,126.53
x641,Product,182.53,3.51,165823.74,165.82
x642,Product,129.89,2.5,197102.09,197.1
x643,Product,167.57,3.22,111014.91,111.01
x644,Product,167.27,3.22,128016.51,128.02
x645,Product,188.52,3.63,164256.22,164.26
x646,Product,99.22,1.91,182592.01,182.59
x647,Product,155.94,3,117880.82,117.88
x648,Product,186.01,3.58,184342.6,184.34
x649,Product,223.33,4.29,140653.12,140.65
x650,Product,137.29,2.64,114283.14,114.28
x651,Product,193.5,3.72,153656.06,153.66
x652,Product,164.25,3.16,149731.6,149.73
x653,Product,213.43,4.1,138185.53,138.19
x654,Product,173.2,3.33,193023.06,193.02
x655,Product,181.79,3.5,177382.23,177.38
x656,Product,199.37,3.83,168641.51,168.64
x657,Product,219.28,4.22,170073.26,170.07
x658,Product,181.51,3.49,150160.84,150.16
x659,Product,193.19,3.72,151831.49,151.83
x660,Product,178.54,3.43,152003.96,152
x661,Product,191.06,3.67,196325.15,196.33
x662,Product,199.77,3.84,204228.25,204.23
x663,Product,178.41,3.43,167270.15,167.27
x664,Product,148.55,2.86,120700.45,120.7
x665,Product,220.96,4.25,181460.38,181.46
x666,Product,197.38,3.8,162575.86,162.58
x667,HR,264.22,5.08,129274.62,129.27
x668,HR,216.76,4.17,126159.07,126.16
x669,HR,274.2,5.27,104973.06,104.97
x670,HR,298.53,5.74,143486.11,143.49
x671,HR,202.25,3.89,101645.24,101.65
x672,HR,240.54,4.63,128379.89,128.38
x673,HR,271.71,5.23,154826.53,154.83
x674,HR,225.08,4.33,116837.46,116.84
x675,HR,246.86,4.75,112547.89,112.55
x676,HR,251.11,4.83,91042.83,91.04
x677,HR,263.98,5.08,110663.12,110.66
x678,HR,237.89,4.57,124473.49,124.47
x679,HR,245.87,4.73,129062.68,129.06
x680,HR,254.18,4.89,123652.49,123.65
x681,HR,297.76,5.73,156472.85,156.47
x682,HR,232.89,4.48,132243.28,132.24
x683,HR,260.07,5,96029.07,96.03
x684,HR,223.37,4.3,127786.66,127.79
x685,HR,234.1,4.5,149968.08,149.97
x686,HR,275.18,5.29,141913.79,141.91
x687,HR,287.18,5.52,119664.35,119.66
x688,HR,232.58,4.47,131104.65,131.1
x689,HR,254.1,4.89,148217.24,148.22
x690,HR,281.81,5.42,142669.13,142.67
x691,HR,255.5,4.91,101342.51,101.34
x692,HR,273.19,5.25,106896.01,106.9
x693,HR,257.17,4.95,135884.3,135.88
x694,HR,232.79,4.48,148784.32,148.78
x695,HR,231.99,4.46,172023.81,172.02
x696,HR,338.93,6.52,149511.12,149.51
x697,HR,208.15,4,112756.88,112.76
x698,HR,204.92,3.94,98578.46,98.58
x699,HR,198.44,3.82,123987.41,123.99
x700,HR,303.65,5.84,114409.85,114.41
x701,HR,251.08,4.83,130293.66,130.29
x702,HR,203.39,3.91,108762.87,108.76
x703,HR,248.45,4.78,97302.51,97.3
x704,HR,225.58,4.34,76919.48,76.92
x705,HR,266.89,5.13,173610.33,173.61
x706,HR,234.4,4.51,115670.11,115.67
x707,HR,212.55,4.09,159837.26,159.84
x708,HR,200.71,3.86,120371.1,120.37
x709,HR,204.38,3.93,113264.77,113.26
x710,HR,229.74,4.42,132560.17,132.56
x711,HR,259.26,4.99,116663.96,116.66
x712,HR,274.26,5.27,133230.93,133.23
x713,HR,244.61,4.7,117088.47,117.09
x714,HR,206.31,3.97,120665.48,120.67
x715,HR,260.49,5.01,125799.21,125.8
x716,HR,244.65,4.7,140815.01,140.82
x717,HR,237.4,4.57,142934.46,142.93
x718,HR,235.17,4.52,91924.71,91.92
x719,HR,280.77,5.4,143538.71,143.54
x720,HR,226.77,4.36,104703.38,104.7
x721,HR,256.78,4.94,91704.42,91.7
x722,HR,228.21,4.39,134789.93,134.79
x723,HR,245.16,4.71,111236.82,111.24
x724,HR,292.76,5.63,122928.96,122.93
x725,HR,261.95,5.04,125891.6,125.89
x726,HR,240.08,4.62,119939.39,119.94
x727,HR,222.14,4.27,104747.62,104.75
x728,HR,220.07,4.23,102544.87,102.54
x729,HR,269.79,5.19,130952.5,130.95
x730,HR,250.66,4.82,124660.3,124.66
x731,HR,265.85,5.11,114826.8,114.83
x732,HR,250.41,4.82,155765.86,155.77
x733,HR,264.52,5.09,112171.26,112.17
x734,HR,270.87,5.21,122467.99,122.47
x735,HR,258.59,4.97,139442.23,139.44
x736,HR,208.64,4.01,118499.9,118.5
x737,HR,213.28,4.1,84469.87,84.47
x738,HR,204.18,3.93,92457.35,92.46
x739,HR,207.94,4,98128.54,98.13
x740,HR,236.81,4.55,127158.69,127.16
x741,HR,218.96,4.21,113528.34,113.53
x742,HR,248.93,4.79,101531.15,101.53
x743,HR,250.71,4.82,98565.34,98.57
x744,HR,267.36,5.14,148690.76,148.69
x745,HR,199.83,3.84,129615.3,129.62
x746,HR,243.67,4.69,154946.03,154.95
x747,HR,269.75,5.19,120583.98,120.58
x748,HR,249.13,4.79,122349.24,122.35
x749,HR,235.05,4.52,108359.53,108.36
x750,HR,279.48,5.37,124341.36,124.34
x751,HR,194.92,3.75,103171.44,103.17
x752,HR,150.98,2.9,64342.9,64.34
x753,HR,205.3,3.95,83337.53,83.34
x754,HR,197.28,3.79,110996.48,111
x755,HR,241.8,4.65,112328.28,112.33
x756,HR,205.01,3.94,105246.06,105.25
x757,HR,257.62,4.95,123563.19,123.56
x758,HR,213.73,4.11,118231.55,118.23
x759,HR,222.41,4.28,135935.59,135.94
x760,HR,278.9,5.36,121575.28,121.58
x761,HR,208.3,4.01,105735.16,105.74
x762,HR,262.31,5.04,133321.98,133.32
x763,HR,262.36,5.05,95531.18,95.53
x764,HR,211.69,4.07,122603.85,122.6
x765,HR,212.02,4.08,110819.56,110.82
x766,HR,265.61,5.11,127556.6,127.56
x767,HR,220.73,4.24,118012.89,118.01
x768,HR,247.85,4.77,106247.25,106.25
x769,HR,272.81,5.25,94294.48,94.29
x770,HR,313.99,6.04,170059.88,170.06
x771,HR,253.9,4.88,86852.62,86.85
x772,HR,270.57,5.2,112182.97,112.18
x773,HR,229.03,4.4,152803.82,152.8
x774,HR,234.1,4.5,115302.53,115.3
x775,HR,216.02,4.15,118227.68,118.23
x776,HR,242.23,4.66,91893.22,91.89
x777,HR,253.7,4.88,143432.82,143.43
x778,HR,227.67,4.38,132818.61,132.82
x779,HR,247.34,4.76,139167.41,139.17
x780,HR,253.44,4.87,97697.61,97.7
x781,HR,237.16,4.56,115435.77,115.44
x782,HR,217.05,4.17,166500.64,166.5
x783,HR,201.66,3.88,107285.43,107.29
x784,HR,258.84,4.98,156436.82,156.44
x785,HR,204.34,3.93,95770.6,95.77
x786,HR,199.26,3.83,61194.54,61.19
x787,HR,257.56,4.95,136547.08,136.55
x788,HR,255,4.9,122858.04,122.86
x789,HR,266.51,5.13,124754.55,124.75
x790,HR,221.47,4.26,109018.18,109.02
x791,HR,277.6,5.34,141431.94,141.43
x792,HR,208.12,4,107135.36,107.14
x793,HR,259.14,4.98,136455.97,136.46
x794,HR,267.87,5.15,120390.13,120.39
x795,HR,227.71,4.38,102640.5,102.64
x796,HR,250.32,4.81,138173.26,138.17
x797,HR,231.93,4.46,115698.31,115.7
x798,HR,196.67,3.78,78632.79,78.63
x799,HR,228.48,4.39,138456.19,138.46
x800,HR,181.57,3.49,133155.5,133.16
x801,HR,213.99,4.12,172350.87,172.35
x802,HR,207.48,3.99,86444.67,86.44
x803,HR,214.17,4.12,118598.56,118.6
x804,HR,235.26,4.52,94918.19,94.92
x805,HR,271.31,5.22,143581.43,143.58
x806,HR,278.02,5.35,105914.82,105.91
x807,HR,332.63,6.4,132279.75,132.28
x808,HR,230.27,4.43,135157.65,135.16
x809,HR,244.89,4.71,133985.76,133.99
x810,HR,230.45,4.43,107524.45,107.52
x811,HR,246.6,4.74,107387.57,107.39
x812,HR,222.39,4.28,106033.7,106.03
x813,HR,237.6,4.57,112211.29,112.21
x814,HR,267.56,5.15,119074.39,119.07
x815,HR,189.77,3.65,90917.52,90.92
x816,HR,268.79,5.17,152725.74,152.73
x817,HR,228.77,4.4,116753.45,116.75
x818,HR,269.33,5.18,137907.68,137.91
x819,HR,245.48,4.72,101675.09,101.68
x820,HR,243.89,4.69,117649.71,117.65
x821,HR,249.2,4.79,141905.69,141.91
x822,HR,217.3,4.18,77431.06,77.43
x823,HR,254.27,4.89,148652.62,148.65
x824,HR,234.24,4.5,136900.09,136.9
x825,HR,253.79,4.88,140612.38,140.61
x826,HR,270.53,5.2,76202.61,76.2
x827,HR,244.03,4.69,116180.02,116.18
x828,HR,242.36,4.66,133178.29,133.18
x829,HR,149.43,2.87,93300.83,93.3
x830,HR,268.13,5.16,132253.54,132.25
x831,HR,203.7,3.92,114220.95,114.22
x832,HR,228.77,4.4,122622.69,122.62
x833,HR,250.67,4.82,140104.25,140.1
x834,HR,229.25,4.41,124711.45,124.71
x835,HR,238.97,4.6,140793.78,140.79
x836,HR,266.2,5.12,106378.27,106.38
x837,HR,225.14,4.33,114907.11,114.91
x838,HR,198.57,3.82,122652.23,122.65
x839,HR,281.75,5.42,116432.1,116.43
x840,HR,294.97,5.67,144652.93,144.65
x841,HR,269.7,5.19,104946.83,104.95
x842,HR,198.69,3.82,104173.25,104.17
x843,HR,245.96,4.73,128072.33,128.07
x844,HR,214.15,4.12,141042.33,141.04
x845,HR,219.38,4.22,80955.08,80.96
x846,HR,179.28,3.45,132030.69,132.03
x847,HR,210.09,4.04,109726.58,109.73
x848,HR,236.29,4.54,124799.99,124.8
x849,HR,239.78,4.61,151928.79,151.93
x850,HR,298.13,5.73,154775.24,154.78
x851,HR,248.18,4.77,127141.92,127.14
x852,HR,217.11,4.18,140000.34,140
x853,HR,267.49,5.14,138377.24,138.38
x854,HR,209.33,4.03,98020.77,98.02
x855,HR,217.47,4.18,121413.67,121.41
x856,HR,255.14,4.91,131017.13,131.02
x857,HR,234.3,4.51,133148.44,133.15
x858,HR,226.53,4.36,128492.23,128.49
x859,HR,250.24,4.81,120189.84,120.19
x860,HR,219.45,4.22,128096.44,128.1
x861,HR,263.78,5.07,100740.95,100.74
x862,HR,237.8,4.57,113886.5,113.89
x863,HR,180.68,3.47,124854.17,124.85
x864,HR,267.75,5.15,121885.07,121.89
x865,HR,268.12,5.16,107952.25,107.95
x866,HR,196.15,3.77,139378.94,139.38
x867,HR,235.89,4.54,120233.38,120.23
x868,HR,214.79,4.13,107288.58,107.29
x869,HR,241.25,4.64,108763.83,108.76
x870,HR,264.72,5.09,91436.39,91.44
x871,HR,216.34,4.16,104978.14,104.98
x872,HR,253.39,4.87,88660.78,88.66
x873,HR,291.91,5.61,152739.57,152.74
x874,HR,191,3.67,130439.54,130.44
x875,HR,295.84,5.69,155284.28,155.28
x876,HR,248.76,4.78,125937.57,125.94
x877,HR,285.22,5.48,135985.01,135.99
x878,HR,229.07,4.41,130041.84,130.04
x879,HR,249.03,4.79,109795.57,109.8
x880,HR,219.48,4.22,94047.63,94.05
x881,HR,302.61,5.82,143297.55,143.3
x882,HR,215.31,4.14,128485.74,128.49
x883,HR,185.28,3.56,161964.68,161.96
x884,HR,227.68,4.38,121995.62,122
x885,HR,204.55,3.93,125042.05,125.04
x886,HR,228.87,4.4,97287.54,97.29
x887,HR,265.85,5.11,113884.5,113.88
x888,HR,282.63,5.44,133221.17,133.22
x889,HR,269.24,5.18,138889.09,138.89
x890,HR,270.43,5.2,127024.08,127.02
x891,HR,254.12,4.89,119481.87,119.48
x892,HR,232.37,4.47,141826.99,141.83
x893,HR,250.85,4.82,153665.14,153.67
x894,HR,207.93,4,121789.47,121.79
x895,HR,202.56,3.9,95823.57,95.82
x896,HR,246.13,4.73,120575.64,120.58
x897,HR,255.95,4.92,119876.58,119.88
x898,HR,262.53,5.05,102994.31,102.99
x899,HR,250.39,4.82,141842.74,141.84
x900,HR,278.77,5.36,114347.41,114.35
x901,HR,279.77,5.38,109424.07,109.42
x902,HR,279.88,5.38,122237.68,122.24
x903,HR,269.72,5.19,120040.44,120.04
x904,HR,218.71,4.21,112068.12,112.07
x905,HR,193.34,3.72,86304.83,86.3
x906,HR,240.43,4.62,116725.58,116.73
x907,HR,247.38,4.76,99243.08,99.24
x908,HR,237.96,4.58,147086.33,147.09
x909,HR,253.52,4.88,181889.56,181.89
x910,HR,288.14,5.54,142083.77,142.08
x911,HR,270.9,5.21,91984.63,91.98
x912,HR,190.99,3.67,87919.05,87.92
x913,HR,281.24,5.41,146073.04,146.07
x914,HR,227.51,4.38,97055.76,97.06
x915,HR,250.9,4.82,113560.78,113.56
x916,HR,289.94,5.58,99684.3,99.68
x917,HR,176.03,3.39,81829.29,81.83
x918,HR,202.25,3.89,112588.5,112.59
x919,HR,189.23,3.64,123635.92,123.64
x920,HR,223.83,4.3,111545.68,111.55
x921,HR,314.14,6.04,128226.47,128.23
x922,HR,253.35,4.87,86354.29,86.35
x923,HR,202.94,3.9,95708.37,95.71
x924,HR,240.14,4.62,119425.9,119.43
x925,HR,249.36,4.8,130341.22,130.34
x926,HR,227.16,4.37,116278.06,116.28
x927,HR,222.11,4.27,111934.24,111.93
x928,HR,288.77,5.55,129171.53,129.17
x929,HR,232.88,4.48,82812.29,82.81
x930,HR,237.44,4.57,98119,98.12
x931,HR,256.78,4.94,150734.82,150.73
x932,HR,225.56,4.34,129549.02,129.55
x933,HR,276.75,5.32,144975.54,144.98
x934,HR,266.63,5.13,124520.77,124.52
x935,HR,222.98,4.29,97351.68,97.35
x936,HR,201.77,3.88,106716.52,106.72
x937,HR,265.66,5.11,99721.97,99.72
x938,HR,280.62,5.4,108366.59,108.37
x939,HR,256.32,4.93,148215.94,148.22
x940,HR,201.27,3.87,130862.51,130.86
x941,HR,237.79,4.57,80487.26,80.49
x942,HR,253.46,4.87,127669.78,127.67
x943,HR,234.8,4.52,128512.59,128.51
x944,HR,191.31,3.68,77130.52,77.13
x945,HR,239.92,4.61,107379.73,107.38
x946,HR,200.28,3.85,129805.65,129.81
x947,HR,200.47,3.86,118865.4,118.87
x948,HR,204.76,3.94,125253.91,125.25
x949,HR,238.84,4.59,116734.95,116.73
x950,HR,271.02,5.21,124346.17,124.35
x951,HR,273.68,5.26,133340.32,133.34
x952,HR,262.32,5.04,111620.55,111.62
x953,HR,216.76,4.17,118622.26,118.62
x954,HR,244.37,4.7,168628.74,168.63
x955,HR,239.99,4.62,146504.84,146.5
x956,HR,278.82,5.36,127323.29,127.32
x957,HR,256.5,4.93,159880.94,159.88
x958,HR,233.36,4.49,125849.53,125.85
x959,HR,215.5,4.14,61017.9,61.02
x960,HR,228.28,4.39,89108.05,89.11
x961,HR,254.44,4.89,139195.3,139.2
x962,HR,207.04,3.98,100320.9,100.32
x963,HR,220.08,4.23,87704.2,87.7
x964,HR,222.62,4.28,106833.48,106.83
x965,HR,250.47,4.82,105972.52,105.97
x966,HR,265.24,5.1,101391.84,101.39
x967,HR,256.57,4.93,149904.5,149.9
x968,HR,245.37,4.72,124519.28,124.52
x969,HR,244.24,4.7,142407.38,142.41
x970,HR,240.9,4.63,105926.07,105.93
x971,HR,244.72,4.71,116860.38,116.86
x972,HR,230.82,4.44,138250.7,138.25
x973,HR,225.63,4.34,143592.14,143.59
x974,HR,229.08,4.41,131664.53,131.66
x975,HR,265.86,5.11,143855.87,143.86
x976,HR,245.67,4.72,135788.47,135.79
x977,HR,247.93,4.77,127437.72,127.44
x978,HR,233.68,4.49,100443.19,100.44
x979,HR,259.8,5,136822.92,136.82
x980,HR,252.28,4.85,99393.88,99.39
x981,HR,162.38,3.12,88401.43,88.4
x982,HR,185.14,3.56,103369.78,103.37
x983,HR,218.84,4.21,105047.53,105.05
x984,HR,235.01,4.52,136367.71,136.37
x985,HR,240.27,4.62,130617.44,130.62
x986,HR,291.94,5.61,138418.59,138.42
x987,HR,244.55,4.7,121864.04,121.86
x988,HR,204.04,3.92,119275.19,119.28
x989,HR,186.63,3.59,92006.79,92.01
x990,HR,294.23,5.66,114551.96,114.55
x991,HR,223.54,4.3,133533.96,133.53
x992,HR,265.58,5.11,133817.41,133.82
x993,HR,312.7,6.01,126919.72,126.92
x994,HR,247.18,4.75,125645.08,125.65
x995,HR,258.73,4.98,116096.39,116.1
x996,HR,246,4.73,108219.39,108.22
x997,HR,296.38,5.7,111823.28,111.82
x998,HR,193.9,3.73,122457.7,122.46
x999,HR,246.3,4.74,134641.07,134.64
